-- phpMyAdmin SQL Dump
-- version 4.2.12deb2+deb8u1
-- http://www.phpmyadmin.net
--
-- Хост: localhost
-- Время создания: Фев 18 2016 г., 02:19
-- Версия сервера: 5.5.46-0+deb8u1
-- Версия PHP: 5.6.14-0+deb8u1

SET SQL_MODE = "NO_AUTO_VALUE_ON_ZERO";
SET time_zone = "+00:00";


/*!40101 SET @OLD_CHARACTER_SET_CLIENT=@@CHARACTER_SET_CLIENT */;
/*!40101 SET @OLD_CHARACTER_SET_RESULTS=@@CHARACTER_SET_RESULTS */;
/*!40101 SET @OLD_COLLATION_CONNECTION=@@COLLATION_CONNECTION */;
/*!40101 SET NAMES utf8 */;

--
-- База данных: `c1crm`
--

-- --------------------------------------------------------

--
-- Структура таблицы `debit`
--

CREATE TABLE IF NOT EXISTS `debit` (
`id` int(11) NOT NULL,
  `name` varchar(255) NOT NULL,
  `createtime` timestamp NOT NULL DEFAULT CURRENT_TIMESTAMP,
  `author` varchar(255) DEFAULT NULL,
  `del` int(11) DEFAULT NULL,
  `timestump` int(11) DEFAULT NULL
) ENGINE=InnoDB AUTO_INCREMENT=73 DEFAULT CHARSET=utf8;

--
-- Дамп данных таблицы `debit`
--

INSERT INTO `debit` (`id`, `name`, `createtime`, `author`, `del`, `timestump`) VALUES
(1, 'Накладная №1', '2014-10-24 11:31:36', 'ВА', NULL, 1414419676),
(2, 'Накладная №2', '2014-10-24 11:52:56', 'ВА', NULL, 1414419695),
(3, 'Накладная №3', '2014-10-24 11:54:42', 'ВА', NULL, 1414419737),
(4, 'Накладная №4', '2014-10-24 11:56:40', 'ВА', NULL, 1414151800),
(5, 'Накладная №5 на удаление', '2014-10-24 11:58:05', 'ВА', NULL, 1414421627),
(6, 'Накладная №5', '2014-10-24 11:58:05', 'ВА', NULL, 1414419854),
(7, 'Накладная №6 на удаление', '2014-10-24 12:01:06', 'ВА', NULL, 1414421636),
(8, 'Накладная №6', '2014-10-24 12:01:07', 'ВА', NULL, 1414420096),
(9, 'Накладная №7', '2014-10-24 12:10:23', 'ВА', NULL, 1414420151),
(10, 'Накладная №8', '2014-10-24 12:17:13', 'ВА', NULL, 1414420187),
(11, 'Накладная №9', '2014-10-24 12:20:10', 'ВА', NULL, 1414420251),
(12, 'Накладная №10', '2014-10-24 12:21:29', 'ВА', NULL, 1414420279),
(13, 'Накладная №12', '2014-10-24 12:22:09', 'ВА', NULL, 1414420301),
(14, 'Накладная № 11', '2014-10-24 12:25:27', 'ВА', NULL, 1414420334),
(15, 'Накладная№13', '2014-10-27 14:37:04', 'андрей', NULL, 1415187937),
(16, 'Накладная№14', '2014-10-27 14:47:09', 'андрей', NULL, 1415187984),
(17, 'Накладная №15', '2014-10-27 14:57:57', 'андрей', NULL, 1415187999),
(18, 'накладная№16', '2014-10-28 13:46:05', 'андрей', NULL, 1415188098),
(19, 'Накладная № 17', '2014-11-05 10:54:49', 'андрей', NULL, 1415188183),
(20, 'Накладная № 18', '2014-11-05 11:00:48', 'андрей', NULL, 1415343412),
(21, 'Накладная № 19', '2014-11-05 11:53:47', 'андрей', NULL, 1415357353),
(22, 'Накладная №20', '2014-11-06 09:20:01', 'андрей', NULL, 1415357321),
(23, ' Накладная № 21', '2014-11-07 06:55:01', 'андрей', NULL, 1415357295),
(24, 'Накладная № 22', '2014-11-07 10:47:54', 'андрей', NULL, 1415357274),
(25, 'накладная№23', '2014-11-10 10:31:27', 'андрей', NULL, 1415615487),
(26, 'Накладная №24', '2014-11-10 10:33:01', 'андрей', NULL, 1417162377),
(27, 'Накладная №25', '2014-11-12 08:09:29', 'андрей', NULL, 1416236225),
(28, 'Накладная №26', '2014-11-12 08:11:21', 'андрей', NULL, 1415779881),
(29, 'Накладная №27', '2014-11-12 08:12:51', 'андрей', NULL, 1415779971),
(30, 'Накладная № 28', '2014-11-13 12:05:28', 'андрей', NULL, 1415880328),
(31, 'Накладная №29', '2014-11-17 13:28:38', 'андрей', NULL, 1416232523),
(32, 'Накладная №30', '2014-11-17 13:31:55', 'андрей', NULL, 1416231586),
(33, 'Накладная №31', '2014-11-21 07:07:59', 'андрей', NULL, 1417096140),
(34, 'Накладная №32', '2014-11-21 07:11:27', 'андрей', NULL, 1416553887),
(35, 'Накладная №33', '2014-11-21 07:14:11', 'андрей', NULL, 1416554051),
(36, 'Накладная №34', '2014-11-21 07:21:22', 'андрей', NULL, 1416554482),
(37, 'Накладная №35', '2014-11-21 14:21:46', 'андрей', NULL, 1416579706),
(38, 'Накладная №36', '2014-11-21 14:36:39', 'андрей', NULL, 1416580599),
(39, 'Накладная №37', '2014-11-24 07:14:44', 'андрей', NULL, 1416813793),
(40, 'Накладная №38', '2014-11-24 07:28:32', 'андрей', NULL, 1416814112),
(41, 'Накладная №39', '2014-11-26 08:23:23', 'андрей', NULL, 1417158799),
(42, 'Накладная №40', '2014-11-26 08:26:00', 'андрей', NULL, 1416990360),
(43, 'Накладная №41 (от артема)', '2014-11-27 12:52:12', 'андрей', NULL, 1417092944),
(44, 'Накладная №42', '2014-11-27 12:59:48', 'андрей', NULL, 1417093188),
(45, 'Накладная №43', '2014-11-27 13:04:36', 'андрей', NULL, 1417093476),
(46, 'Накладная №44', '2014-11-27 13:13:17', 'андрей', NULL, 1417093997),
(47, 'Накладная №45', '2014-11-27 13:17:34', 'андрей', NULL, 1417094254),
(48, 'Накладная №46', '2014-11-27 13:19:41', 'андрей', NULL, 1417094381),
(49, 'Накладная №47', '2014-11-27 13:43:31', 'андрей', NULL, 1417095811),
(50, 'Накладная №48', '2014-11-27 13:58:10', 'андрей', NULL, 1417099463),
(51, 'Накладная №49', '2014-11-27 14:46:25', 'андрей', NULL, 1417099585),
(52, 'Накладная №50', '2014-11-28 08:15:37', 'андрей', NULL, 1417162537),
(53, 'Накладная №51', '2014-11-28 14:13:52', 'андрей', NULL, 1417184032),
(54, 'Накладная №52', '2014-12-02 12:45:22', 'андрей', NULL, 1417524888),
(55, 'Накладная №53', '2014-12-02 12:53:28', 'андрей', NULL, 1417524808),
(56, 'Накладная №54', '2014-12-03 09:50:40', 'андрей', NULL, 1417600646),
(57, 'Накладная №55', '2014-12-03 10:13:23', 'андрей', NULL, 1417601603),
(58, 'Накладная №56', '2014-12-03 10:16:35', 'андрей', NULL, 1417601795),
(59, 'Накладная №57', '2014-12-10 10:04:33', 'андрей', NULL, 1418205904),
(60, 'Накладная №58', '2014-12-10 10:19:37', 'андрей', NULL, 1418206777),
(61, 'Накладная №59', '2014-12-10 10:21:53', 'андрей', NULL, 1418206913),
(62, 'Накладная №60 вася', '2014-12-10 11:01:13', 'андрей', NULL, 1418209273),
(63, 'Накладная №61 рикапро', '2014-12-10 11:03:18', 'андрей', NULL, 1418209412),
(64, 'Накладная №62', '2014-12-16 12:27:18', 'андрей', NULL, 1418732838),
(65, 'Накладная №63 от жени', '2014-12-23 11:06:24', 'андрей', NULL, 1419332784),
(66, 'Накладная №64', '2014-12-24 08:02:50', 'андрей', NULL, 1419408170),
(67, 'Накладная №65', '2014-12-24 08:10:01', 'андрей', NULL, 1419408601),
(68, 'накладная№66', '2014-12-24 08:18:18', 'андрей', NULL, 1419409098),
(69, 'Накладная №67', '2014-12-24 08:38:29', 'андрей', NULL, 1419410309),
(70, 'Накладная №68', '2014-12-24 08:40:57', 'андрей', NULL, 1419410457),
(71, 'Накладная№69', '2014-12-29 11:34:56', 'андрей', NULL, 1419853098),
(72, 'Накладная №70', '2014-12-29 11:41:34', 'андрей', NULL, 1419853294);

-- --------------------------------------------------------

--
-- Структура таблицы `debit-stock`
--

CREATE TABLE IF NOT EXISTS `debit-stock` (
`id` int(11) NOT NULL,
  `debit_id` int(11) NOT NULL,
  `product_id` int(11) NOT NULL,
  `quantity` int(11) NOT NULL,
  `price` decimal(10,2) DEFAULT NULL,
  `warehouse_id` int(11) NOT NULL
) ENGINE=InnoDB AUTO_INCREMENT=276 DEFAULT CHARSET=utf8;

--
-- Дамп данных таблицы `debit-stock`
--

INSERT INTO `debit-stock` (`id`, `debit_id`, `product_id`, `quantity`, `price`, `warehouse_id`) VALUES
(6, 4, 1, 1, NULL, 0),
(7, 4, 2, 3, NULL, 0),
(8, 4, 3, 6, NULL, 0),
(9, 4, 4, 2, NULL, 0),
(61, 1, 1, 6, 2000.00, 0),
(62, 2, 3, 7, 900.00, 0),
(63, 3, 3, 6, 900.00, 0),
(64, 3, 4, 2, 900.00, 0),
(65, 3, 1, 4, 1800.00, 0),
(67, 6, 4, 2, 1000.00, 0),
(68, 6, 6, 1, 2000.00, 0),
(73, 8, 3, 3, 1100.00, 0),
(74, 8, 1, 1, 1800.00, 0),
(75, 8, 17, 1, 1000.00, 0),
(78, 9, 5, 1, 1800.00, 0),
(79, 9, 2, 1, 1500.00, 0),
(80, 9, 19, 7, 1800.00, 0),
(81, 10, 5, 3, 1800.00, 0),
(82, 10, 6, 4, 1800.00, 0),
(88, 11, 5, 2, 2500.00, 0),
(89, 11, 6, 1, 2500.00, 0),
(90, 11, 1, 4, 2000.00, 0),
(91, 11, 11, 2, 1800.00, 0),
(92, 11, 14, 2, 1100.00, 0),
(93, 12, 5, 17, 2300.00, 0),
(94, 12, 6, 83, 2300.00, 0),
(95, 13, 6, 3, 2500.00, 0),
(97, 14, 22, 1, 1872.00, 0),
(125, 15, 14, 1, 1100.00, 0),
(126, 15, 4, 3, 1200.00, 0),
(127, 15, 1, 2, 2000.00, 0),
(128, 15, 2, 1, 2000.00, 0),
(129, 16, 23, 120, 566.28, 0),
(130, 17, 24, 5, 75.42, 0),
(134, 18, 1, 1, 2000.00, 0),
(135, 18, 2, 3, 2000.00, 0),
(136, 18, 6, 1, 2500.00, 0),
(137, 19, 17, 1, 1200.00, 0),
(138, 19, 25, 2, 1200.00, 0),
(150, 20, 26, 1, 800.00, 0),
(151, 24, 1, 1, 1500.00, 0),
(152, 24, 29, 1, 1500.00, 0),
(153, 23, 8, 59, 1600.00, 0),
(154, 22, 6, 3, 2500.00, 0),
(155, 22, 8, 1, 1800.00, 0),
(156, 21, 27, 36, 815.00, 0),
(157, 25, 2, 1, 1800.00, 0),
(158, 25, 3, 5, 1000.00, 0),
(162, 28, 2, 1, 1500.00, 0),
(163, 28, 3, 5, 1500.00, 0),
(164, 29, 21, 10, 1100.00, 0),
(165, 29, 5, 2, 2500.00, 0),
(166, 30, 30, 2, 0.00, 0),
(173, 32, 32, 2, 1200.00, 0),
(174, 32, 1, 1, 1500.00, 0),
(175, 31, 2, 14, 1800.00, 0),
(176, 31, 4, 2, 1000.00, 0),
(177, 27, 25, 1, 1000.00, 0),
(181, 34, 33, 1, 1250.00, 0),
(182, 35, 34, 1, 1500.00, 0),
(183, 36, 35, 1, 762.00, 0),
(184, 37, 4, 6, 1100.00, 0),
(185, 38, 17, 4, 1000.00, 0),
(187, 39, 39, 104, 0.00, 0),
(188, 40, 40, 6, 0.00, 0),
(193, 42, 30, 10, 850.00, 0),
(194, 42, 36, 10, 850.00, 0),
(196, 43, 39, 15, 0.00, 0),
(197, 44, 59, 2, 0.00, 0),
(198, 45, 60, 3, 0.00, 0),
(199, 46, 61, 4, 0.00, 0),
(200, 47, 62, 4, 0.00, 0),
(201, 48, 62, 15, 0.00, 0),
(202, 49, 40, 3, 0.00, 0),
(207, 33, 21, 5, 1400.00, 0),
(208, 33, 14, 1, 1000.00, 0),
(210, 50, 43, 25, 0.00, 0),
(211, 51, 68, 1, 0.00, 0),
(212, 41, 41, 1, 1800.00, 0),
(213, 41, 8, 2, 1800.00, 0),
(214, 41, 8, 15, 1600.00, 0),
(215, 41, 3, 3, 1200.00, 0),
(220, 26, 3, 1, 1000.00, 0),
(221, 26, 21, 1, 1000.00, 0),
(222, 52, 28, 4, 0.00, 0),
(223, 53, 6, 14, 1500.00, 0),
(224, 53, 5, 1, 1500.00, 0),
(231, 55, 72, 1, 400.00, 0),
(232, 54, 28, 5, 1200.00, 0),
(233, 54, 70, 6, 800.00, 0),
(234, 54, 3, 1, 800.00, 0),
(235, 54, 71, 4, 1000.00, 0),
(236, 54, 60, 11, 0.00, 0),
(238, 56, 1, 1, 1800.00, 0),
(239, 57, 8, 2, 1600.00, 0),
(240, 57, 39, 2, 0.00, 0),
(241, 58, 44, 40, 0.00, 0),
(245, 59, 8, 1, 1800.00, 0),
(246, 59, 8, 1, 1800.00, 0),
(247, 59, 6, 5, 2250.00, 0),
(248, 60, 5, 39, 2250.00, 0),
(249, 60, 6, 61, 2250.00, 0),
(250, 61, 5, 5, 2100.00, 0),
(251, 61, 6, 5, 2100.00, 0),
(252, 62, 64, 30, 80.00, 0),
(254, 63, 23, 120, 0.00, 0),
(255, 64, 73, 2, 700.00, 0),
(256, 65, 5, 3, 2100.00, 0),
(257, 65, 6, 13, 2100.00, 0),
(258, 66, 2, 3, 1700.00, 0),
(259, 67, 6, 6, 2200.00, 0),
(260, 68, 74, 4, 0.00, 0),
(261, 69, 5, 4, 0.00, 0),
(262, 70, 66, 2, 0.00, 0),
(268, 71, 5, 4, 2200.00, 0),
(269, 71, 6, 6, 2200.00, 0),
(270, 71, 1, 3, 1800.00, 0),
(271, 71, 2, 4, 1800.00, 0),
(272, 71, 4, 0, 0.00, 0),
(273, 71, 75, 2, 1200.00, 0),
(274, 72, 5, 7, 2100.00, 0),
(275, 72, 6, 18, 2100.00, 0);

-- --------------------------------------------------------

--
-- Структура таблицы `product`
--

CREATE TABLE IF NOT EXISTS `product` (
`id` int(11) NOT NULL,
  `name` varchar(255) NOT NULL,
  `article` varchar(255) DEFAULT NULL,
  `descript` text,
  `manufacturer` varchar(255) NOT NULL,
  `del` int(11) DEFAULT NULL,
  `createtime` timestamp NOT NULL DEFAULT CURRENT_TIMESTAMP
) ENGINE=InnoDB AUTO_INCREMENT=76 DEFAULT CHARSET=utf8;

--
-- Дамп данных таблицы `product`
--

INSERT INTO `product` (`id`, `name`, `article`, `descript`, `manufacturer`, `del`, `createtime`) VALUES
(1, 'Кег металлический 30 л. DIN с фитингом А, б/у', '001', '', '', NULL, '2014-10-23 18:01:21'),
(2, 'Кег металлический 30 л. EURО с фитингом А, б/у', '002', '', '', NULL, '2014-10-23 18:02:59'),
(3, 'Кег металлический 30 л. DIN  б/у ', '003', '', '', NULL, '2014-10-24 11:34:34'),
(4, 'Кег металлический 30 л. EURO с фитингом S, б/у', '004', '', '', NULL, '2014-10-24 11:36:42'),
(5, 'Кег металлический 50 л. DIN с фитингом А, б/у', '005', '', '', NULL, '2014-10-24 11:37:31'),
(6, 'Кег металлический 50 л.EURO с фитингом А, б/у', '006', '', '', NULL, '2014-10-24 11:38:08'),
(7, 'Кег металлический 50 л. DIN с фитингом S, б/у', '007', '', '', NULL, '2014-10-24 11:38:58'),
(8, 'Кег металлический 50 л. EURO  б/у', '008', '', '', NULL, '2014-10-24 11:39:41'),
(9, 'Кег металлический 50 л. DIN с фитингом G, б/у ', '009', '', '', NULL, '2014-10-24 11:40:50'),
(10, 'Кег металлический 30 л. EURO с фитингом G, б/у', '0010', '', '', NULL, '2014-10-24 11:42:31'),
(11, 'Кег металлический 20 л. DIN б/у с фитингом А', '0011', '', '', NULL, '2014-10-24 11:44:25'),
(12, 'Кег металлический 20 л. EURO с фитингом А, б/у', '0012', '', '', NULL, '2014-10-24 11:45:12'),
(13, 'Кег металлический 20 л. DIN с фитингом S, б/у', '0013', '', '', NULL, '2014-10-24 11:46:38'),
(14, 'Кег металлический 20 л. EURO  б/у', '0014', '', '', NULL, '2014-10-24 11:47:48'),
(15, 'Кег металлический 20 л. EURO c фитингом G, б/у', '0015', '', '', NULL, '2014-10-24 11:47:48'),
(16, 'Кег металлический 20 л. DIN с фитингом G, б/у', '0016', '', '', NULL, '2014-10-24 11:50:07'),
(17, 'Кег металлический 30  л. DIN с фитингом G, б/у', '0017', '', '', NULL, '2014-10-24 12:03:37'),
(18, 'Кег металлический 30 л. EURO с фитингом G, б/у', '0018', '', '', NULL, '2014-10-24 12:04:24'),
(19, 'кег металический 30 литров EURO б у с фитингом D', '0019', '', '', NULL, '2014-10-24 12:12:11'),
(20, 'Кег металлический 20 л. SLIM с фитингом G, б/у', '0020', '', '', NULL, '2014-10-24 12:13:04'),
(21, 'Кег металлический 20 л. SLIM  б/у', '0021', '', '', NULL, '2014-10-24 12:14:23'),
(22, 'Помпа рециркуляции 6 м. SAP, Корнелиус ', '0001', '', 'SAP', NULL, '2014-10-24 12:23:38'),
(23, 'Фитинг тип А  для кеги 50л ODL новый', '', '', 'ODL', NULL, '2014-10-27 14:43:45'),
(24, 'Тройник У образный 3/8(2-х ходовой делитель потока)', 'PP2312W', '', 'Англия', NULL, '2014-10-27 14:55:48'),
(25, 'кег металлический-прорезиненный 20л б/у ', '', 'чл жанна', '', NULL, '2014-11-05 10:51:03'),
(26, 'кег металлический б/у30л. с фитингом GINNESS', '', '', '', NULL, '2014-11-05 10:59:13'),
(27, 'Промывочный металлический кег 9литр. на 3 вых', '', '', 'Micromatic', NULL, '2014-11-05 11:52:36'),
(28, 'Кег металлический 20 л. SLIM  б/у с фитингом А', '', '', '', NULL, '2014-11-07 10:45:06'),
(29, 'кег прорезиненный 30л DIN c фитингом А', '', '', '', NULL, '2014-11-07 10:46:23'),
(30, 'Ключ для фитинга тип S', '', '', 'Россия', NULL, '2014-11-13 12:04:27'),
(31, 'кег металический 30 л тип ', '', '', '', NULL, '2014-11-17 13:32:40'),
(32, '', '', '', '', NULL, '2014-11-17 13:33:20'),
(33, 'Ключ для фитинга тип G', '', '', 'Россия', NULL, '2014-11-21 07:10:25'),
(34, 'разливочная головка тип S', '', 'от Бирхолода', 'Микроматик', NULL, '2014-11-21 07:13:17'),
(35, 'труборез для фитингов', '', 'труборез из Морены', 'США', NULL, '2014-11-21 07:20:46'),
(36, 'Ключ для фитинга тип А', '', 'ключ для фитинга тип А', 'Россия', NULL, '2014-11-21 14:44:25'),
(37, 'Пегас НЕКСТ', '', '', 'Россия', NULL, '2014-11-21 14:47:03'),
(38, 'разливочная головка тип А', '', '', 'Россия', NULL, '2014-11-21 14:49:24'),
(39, 'Фитинг тип S для кега 50л  б/у', '', '', '', NULL, '2014-11-24 07:11:38'),
(40, 'Фитинг тип G бу', '', '', '', NULL, '2014-11-24 07:12:15'),
(41, 'кег металический 50 л DIN ', '', '', '', NULL, '2014-11-26 08:13:38'),
(42, '', '', '', '', NULL, '2014-11-26 08:15:01'),
(43, 'кран  хром  с компенсатором', '', '', '', NULL, '2014-11-27 10:45:29'),
(44, 'F47 Tarmo сильнощелочноемоющее средство для рециркулярной мойки 10л', '', '', '', NULL, '2014-11-27 10:48:40'),
(45, 'шток компенсатора крана', '', '', '', NULL, '2014-11-27 10:50:09'),
(46, 'О кольцо штока компенсатора крана', '', '', '', NULL, '2014-11-27 10:50:50'),
(47, 'Газовый клапан для разливочной головки U-12', '', '', '', NULL, '2014-11-27 10:53:35'),
(48, 'Газовый клапан для разливочной головки U-58', '', '', '', NULL, '2014-11-27 10:55:52'),
(49, 'Переходник прямой I нерж сталь 7х7', '', '', '', NULL, '2014-11-27 10:57:31'),
(50, 'Переходник прямой I нерж сталь 7х10', '', '', '', NULL, '2014-11-27 10:58:13'),
(51, 'Переходник прямой U нерж сталь 7х', '', '', '', NULL, '2014-11-27 10:59:11'),
(52, 'Переходник прямой Y нерж сталь 7х7x7', '', '', '', NULL, '2014-11-27 11:01:01'),
(53, 'шланг армированный 6х11 зеленый Чехия', '', '', 'чехия', NULL, '2014-11-27 11:03:22'),
(54, 'шланг армированный 8х13 зеленый Чехия', '', '', 'чехия', NULL, '2014-11-27 11:04:13'),
(55, 'Изоляция Kaiflex EFEF-E 42-9', '', '', '', NULL, '2014-11-27 11:06:12'),
(56, 'кран шаровый IDEAL вн 14', '', '', '', NULL, '2014-11-27 11:08:46'),
(57, 'Газовый смеситель ВА 145', '', '', '', NULL, '2014-11-27 11:09:19'),
(58, 'Переходник прямой U нерж сталь 10х10', '', '', '', NULL, '2014-11-27 11:11:03'),
(59, 'Фитинг тип А для кега 20л  б/у', '', '', '', NULL, '2014-11-27 12:58:57'),
(60, 'Фитинг тип S для кега 30л бу ', '', '', '', NULL, '2014-11-27 13:03:11'),
(61, 'Фитинг тип S для кега 20л бу ', '', '', '', NULL, '2014-11-27 13:12:10'),
(62, 'Фитинг тип S для кега 20л SLIM бу ', '', '', '', NULL, '2014-11-27 13:15:56'),
(63, 'Лента изоляционная 50мм х 33 м черная', '', '', '', NULL, '2014-11-27 14:00:57'),
(64, 'Штуцерный комплект 5/8', '', '', '', NULL, '2014-11-27 14:05:39'),
(65, 'Фитинг для промывочного бачка тип S бу ', '', '', '', NULL, '2014-11-27 14:07:34'),
(66, 'Фитинг для промывочного бачка тип А  новый', '', '', '', NULL, '2014-11-27 14:08:39'),
(67, 'Фитинг для промывочного бачка тип G бу ', '', '', '', NULL, '2014-11-27 14:09:23'),
(68, 'Фитинг тип S бу для кега 50 л', '', '', '', NULL, '2014-11-27 14:45:43'),
(69, '', '', '', '', NULL, '2014-11-28 07:20:41'),
(70, 'кег металический 30 литров EURO б у ', '', '', '', NULL, '2014-12-02 12:46:05'),
(71, 'кег металический 50 л DIN б/у', '', '', '', NULL, '2014-12-02 12:49:44'),
(72, 'редуктор 3/4 одно деление 48 бар б/у', '', '', '', NULL, '2014-12-02 12:52:49'),
(73, 'кег металический 30 л тип БАЛТИКА с фитингом G', '', '', 'Россия', NULL, '2014-12-16 12:26:24'),
(74, 'фитинг А б/у', '', '', '', NULL, '2014-12-24 08:17:32'),
(75, 'кег металический 30 л DIN тип  S', '', '', '', NULL, '2014-12-29 11:36:10');

-- --------------------------------------------------------

--
-- Структура таблицы `quantity`
--

CREATE TABLE IF NOT EXISTS `quantity` (
`id` int(11) NOT NULL,
  `product_id` int(11) NOT NULL,
  `warehouse_id` int(11) NOT NULL,
  `quantity` int(11) NOT NULL
) ENGINE=InnoDB AUTO_INCREMENT=76 DEFAULT CHARSET=utf8;

--
-- Дамп данных таблицы `quantity`
--

INSERT INTO `quantity` (`id`, `product_id`, `warehouse_id`, `quantity`) VALUES
(1, 1, 0, 3),
(2, 2, 0, 4),
(3, 3, 0, 0),
(4, 4, 0, 0),
(5, 5, 0, 23),
(6, 6, 0, 44),
(7, 7, 0, 0),
(8, 8, 0, 0),
(9, 9, 0, 0),
(10, 10, 0, 0),
(11, 11, 0, 0),
(12, 12, 0, 0),
(13, 13, 0, 0),
(14, 14, 0, 0),
(15, 15, 0, 0),
(16, 16, 0, 0),
(17, 17, 0, 0),
(18, 18, 0, 0),
(19, 19, 0, 0),
(20, 20, 0, 0),
(21, 21, 0, 0),
(22, 22, 0, 0),
(23, 23, 0, 65),
(24, 24, 0, 0),
(25, 25, 0, 3),
(26, 26, 0, 1),
(27, 27, 0, 25),
(28, 28, 0, 0),
(29, 29, 0, 0),
(30, 30, 0, 11),
(31, 31, 0, 0),
(32, 32, 0, 2),
(33, 33, 0, 1),
(34, 34, 0, -1),
(35, 35, 0, 1),
(36, 36, 0, 9),
(37, 37, 0, -1),
(38, 38, 0, -2),
(39, 39, 0, 119),
(40, 40, 0, 8),
(41, 41, 0, 0),
(42, 42, 0, 0),
(43, 43, 0, 23),
(44, 44, 0, 34),
(45, 45, 0, 0),
(46, 46, 0, 0),
(47, 47, 0, 0),
(48, 48, 0, 0),
(49, 49, 0, 0),
(50, 50, 0, 0),
(51, 51, 0, 0),
(52, 52, 0, 0),
(53, 53, 0, 0),
(54, 54, 0, 0),
(55, 55, 0, 0),
(56, 56, 0, 0),
(57, 57, 0, 0),
(58, 58, 0, 0),
(59, 59, 0, 2),
(60, 60, 0, 14),
(61, 61, 0, 4),
(62, 62, 0, 19),
(63, 63, 0, -10),
(64, 64, 0, 26),
(65, 65, 0, 0),
(66, 66, 0, 2),
(67, 67, 0, 0),
(68, 68, 0, 1),
(69, 69, 0, 0),
(70, 70, 0, 0),
(71, 71, 0, 0),
(72, 72, 0, 1),
(73, 73, 0, 2),
(74, 74, 0, 1),
(75, 75, 0, 2);

-- --------------------------------------------------------

--
-- Структура таблицы `ship`
--

CREATE TABLE IF NOT EXISTS `ship` (
`id` int(11) NOT NULL,
  `name` varchar(255) NOT NULL,
  `createtime` timestamp NULL DEFAULT CURRENT_TIMESTAMP,
  `author` varchar(255) NOT NULL,
  `del` int(11) DEFAULT NULL,
  `timestump` int(11) NOT NULL
) ENGINE=InnoDB AUTO_INCREMENT=26 DEFAULT CHARSET=utf8;

--
-- Дамп данных таблицы `ship`
--

INSERT INTO `ship` (`id`, `name`, `createtime`, `author`, `del`, `timestump`) VALUES
(1, 'Расходная накладная №1 на удаление', '2014-10-24 12:26:30', 'ВА', NULL, 1414422035),
(2, 'Расходная накладная №2', '2014-10-24 12:29:04', 'ВА', NULL, 1414421390),
(3, ' расходная накладная №3', '2014-10-27 14:59:21', 'андрей', NULL, 1414422009),
(4, 'Расходная накладная №4', '2014-11-06 11:49:05', 'андрей', NULL, 1416398342),
(5, 'Расходная накладная №5', '2014-11-10 10:34:23', 'андрей', NULL, 1415615663),
(6, 'Расходная накладная №6', '2014-11-21 14:22:55', 'андрей', NULL, 1416579976),
(7, 'Расходная накладная №7', '2014-11-21 14:40:20', 'андрей', NULL, 1416814197),
(8, 'Расходная накладная №8', '2014-11-24 07:31:24', 'андрей', NULL, 1416814284),
(9, 'Расходная накладная №9', '2014-11-24 08:11:59', 'андрей', NULL, 1417160625),
(10, 'Расходная накладная №10', '2014-11-27 14:02:31', 'андрей', NULL, 1417096951),
(11, 'Расходная накладная №11', '2014-11-27 14:05:00', 'андрей', NULL, 1417097162),
(12, 'Расходная накладная №12', '2014-11-28 07:33:30', 'андрей', NULL, 1417160010),
(13, 'Расходная накладная №13 макси плюс по 1400 руб', '2014-12-03 10:18:07', 'андрей', NULL, 1417601938),
(14, 'Расходная накладная №14', '2014-12-10 10:25:57', 'андрей', NULL, 1418208566),
(15, 'Расходная накладная №15', '2014-12-10 10:27:03', 'андрей', NULL, 1418209099),
(16, 'Расходная накладная №16  для  антон', '2014-12-10 10:28:13', 'андрей', NULL, 1418209126),
(17, 'Расходная накладная №17 воронеж', '2014-12-10 10:33:57', 'андрей', NULL, 1418209309),
(18, 'Расходная накладная №18 для воронежа и блондер бира', '2014-12-10 11:05:19', 'андрей', NULL, 1418809434),
(19, 'Расходная накладная №19: для пром бачка нижний и Артем', '2014-12-10 11:06:39', 'андрей', NULL, 1418809478),
(20, 'Расходная накладная №20 артем  брал', '2014-12-10 11:10:18', 'андрей', NULL, 1418809529),
(21, 'Расходная накладная №21  балтика не получилось', '2014-12-16 12:28:21', 'андрей', NULL, 1418809590),
(22, 'Расходная накладная №22', '2014-12-24 08:14:07', 'андрей', NULL, 1419409396),
(23, 'Расходная накладная №23', '2014-12-24 08:15:48', 'андрей', NULL, 1419408948),
(24, 'Расходная накладная №24 рома', '2014-12-25 14:17:47', 'андрей', NULL, 1419517610),
(25, 'Расходная накладная №25', '2014-12-25 14:20:05', 'андрей', NULL, 1419517347);

-- --------------------------------------------------------

--
-- Структура таблицы `ship-stock`
--

CREATE TABLE IF NOT EXISTS `ship-stock` (
`id` int(11) NOT NULL,
  `ship_id` int(11) NOT NULL,
  `product_id` int(11) NOT NULL,
  `quantity` int(11) NOT NULL,
  `warehouse_id` int(11) NOT NULL
) ENGINE=InnoDB AUTO_INCREMENT=183 DEFAULT CHARSET=utf8;

--
-- Дамп данных таблицы `ship-stock`
--

INSERT INTO `ship-stock` (`id`, `ship_id`, `product_id`, `quantity`, `warehouse_id`) VALUES
(5, 2, 19, 3, 0),
(8, 3, 24, 5, 0),
(9, 1, 22, 1, 0),
(12, 5, 27, 10, 0),
(13, 4, 6, 6, 0),
(16, 6, 3, 6, 0),
(27, 7, 27, 1, 0),
(28, 7, 30, 1, 0),
(29, 7, 34, 1, 0),
(30, 7, 38, 1, 0),
(31, 7, 36, 1, 0),
(32, 7, 37, 1, 0),
(33, 7, 39, 2, 0),
(34, 8, 23, 110, 0),
(54, 10, 63, 10, 0),
(55, 10, 40, 1, 0),
(58, 11, 38, 1, 0),
(59, 11, 34, 1, 0),
(60, 11, 64, 4, 0),
(71, 12, 19, 4, 0),
(72, 9, 1, 21, 0),
(73, 9, 2, 24, 0),
(74, 9, 3, 27, 0),
(75, 9, 4, 17, 0),
(76, 9, 5, 25, 0),
(77, 9, 8, 60, 0),
(78, 9, 6, 90, 0),
(79, 9, 29, 1, 0),
(80, 9, 17, 6, 0),
(81, 9, 0, 2, 0),
(84, 13, 44, 5, 0),
(113, 14, 28, 9, 0),
(114, 14, 21, 11, 0),
(115, 14, 23, 11, 0),
(139, 15, 11, 2, 0),
(140, 16, 44, 1, 0),
(149, 17, 1, 1, 0),
(150, 17, 3, 4, 0),
(151, 17, 5, 40, 0),
(152, 17, 6, 80, 0),
(153, 17, 8, 21, 0),
(154, 17, 71, 4, 0),
(155, 17, 70, 6, 0),
(156, 17, 41, 1, 0),
(161, 18, 23, 43, 0),
(162, 19, 23, 5, 0),
(163, 20, 43, 2, 0),
(164, 21, 23, 1, 0),
(166, 23, 6, 3, 0),
(168, 22, 6, 1, 0),
(177, 25, 14, 4, 0),
(178, 25, 21, 1, 0),
(179, 25, 74, 3, 0),
(180, 24, 2, 3, 0),
(181, 24, 21, 4, 0),
(182, 24, 23, 5, 0);

-- --------------------------------------------------------

--
-- Структура таблицы `test`
--

CREATE TABLE IF NOT EXISTS `test` (
`id` int(11) NOT NULL,
  `date` timestamp NOT NULL DEFAULT CURRENT_TIMESTAMP ON UPDATE CURRENT_TIMESTAMP,
  `datetime` int(11) NOT NULL
) ENGINE=InnoDB AUTO_INCREMENT=4 DEFAULT CHARSET=utf8;

--
-- Дамп данных таблицы `test`
--

INSERT INTO `test` (`id`, `date`, `datetime`) VALUES
(1, '2014-10-27 01:31:02', 1414373462),
(2, '2014-10-27 01:33:11', 1382837536),
(3, '2014-10-27 01:32:31', 1);

-- --------------------------------------------------------

--
-- Структура таблицы `warehouse`
--

CREATE TABLE IF NOT EXISTS `warehouse` (
`id` int(11) NOT NULL,
  `name` varchar(255) NOT NULL,
  `organization` varchar(255) NOT NULL
) ENGINE=InnoDB DEFAULT CHARSET=utf8;

--
-- Индексы сохранённых таблиц
--

--
-- Индексы таблицы `debit`
--
ALTER TABLE `debit`
 ADD PRIMARY KEY (`id`);

--
-- Индексы таблицы `debit-stock`
--
ALTER TABLE `debit-stock`
 ADD PRIMARY KEY (`id`);

--
-- Индексы таблицы `product`
--
ALTER TABLE `product`
 ADD PRIMARY KEY (`id`);

--
-- Индексы таблицы `quantity`
--
ALTER TABLE `quantity`
 ADD PRIMARY KEY (`id`);

--
-- Индексы таблицы `ship`
--
ALTER TABLE `ship`
 ADD PRIMARY KEY (`id`);

--
-- Индексы таблицы `ship-stock`
--
ALTER TABLE `ship-stock`
 ADD PRIMARY KEY (`id`);

--
-- Индексы таблицы `test`
--
ALTER TABLE `test`
 ADD PRIMARY KEY (`id`);

--
-- Индексы таблицы `warehouse`
--
ALTER TABLE `warehouse`
 ADD PRIMARY KEY (`id`);

--
-- AUTO_INCREMENT для сохранённых таблиц
--

--
-- AUTO_INCREMENT для таблицы `debit`
--
ALTER TABLE `debit`
MODIFY `id` int(11) NOT NULL AUTO_INCREMENT,AUTO_INCREMENT=73;
--
-- AUTO_INCREMENT для таблицы `debit-stock`
--
ALTER TABLE `debit-stock`
MODIFY `id` int(11) NOT NULL AUTO_INCREMENT,AUTO_INCREMENT=276;
--
-- AUTO_INCREMENT для таблицы `product`
--
ALTER TABLE `product`
MODIFY `id` int(11) NOT NULL AUTO_INCREMENT,AUTO_INCREMENT=76;
--
-- AUTO_INCREMENT для таблицы `quantity`
--
ALTER TABLE `quantity`
MODIFY `id` int(11) NOT NULL AUTO_INCREMENT,AUTO_INCREMENT=76;
--
-- AUTO_INCREMENT для таблицы `ship`
--
ALTER TABLE `ship`
MODIFY `id` int(11) NOT NULL AUTO_INCREMENT,AUTO_INCREMENT=26;
--
-- AUTO_INCREMENT для таблицы `ship-stock`
--
ALTER TABLE `ship-stock`
MODIFY `id` int(11) NOT NULL AUTO_INCREMENT,AUTO_INCREMENT=183;
--
-- AUTO_INCREMENT для таблицы `test`
--
ALTER TABLE `test`
MODIFY `id` int(11) NOT NULL AUTO_INCREMENT,AUTO_INCREMENT=4;
--
-- AUTO_INCREMENT для таблицы `warehouse`
--
ALTER TABLE `warehouse`
MODIFY `id` int(11) NOT NULL AUTO_INCREMENT;
/*!40101 SET CHARACTER_SET_CLIENT=@OLD_CHARACTER_SET_CLIENT */;
/*!40101 SET CHARACTER_SET_RESULTS=@OLD_CHARACTER_SET_RESULTS */;
/*!40101 SET COLLATION_CONNECTION=@OLD_COLLATION_CONNECTION */;
